{
    "accuracy": 0.6399999856948853,
    "loss": 1.2201645374298096
}