{
    "accuracy": 0.36000001430511475,
    "loss": 1.3866417407989502
}