{
    "accuracy": 0.6399999856948853,
    "loss": 1.3097416162490845
}