{
    "accuracy": 0.18000000715255737,
    "loss": 1.4041998386383057
}